"","logFC","AveExpr","t","P.Value","adj.P.Val","B"
"PLD4",-1.08291479149615,2.51997043675026,-6.63640949519239,1.09150479016789e-09,4.42339186557318e-07,11.071887184633
"GATA2",-1.19631142005044,1.8911585346819,-6.07359000710486,1.64215674932322e-08,2.56195886702107e-06,8.40695213159561
"PTGDR2",-1.13695457498781,2.07562806208639,-5.79557224565401,6.01274878458101e-08,7.10906432530327e-06,7.13506724020781
"ND4L",-1.03743911542896,8.39868007447737,-5.63321417009907,1.26518921677694e-07,1.1829070528206e-05,6.4074088738035
"CYTB",-1.13089614355957,8.97091100275705,-5.4632042662049,2.72496087242081e-07,2.11857980410991e-05,5.65812885657672
"ND4",-1.0678223919369,8.81506594251117,-5.3002991199244,5.61705511886239e-07,3.70312327483187e-05,4.95290783317058
"LYPD2",-1.12658072230487,1.34044188300626,-5.2480715794036,7.06519348303489e-07,4.41423913207815e-05,4.72954909058827
"ALOX15",-1.37642920103369,1.77921738752882,-5.061450580576,1.58689495184568e-06,8.28516283175509e-05,3.94268732810942
"PRSS33",-1.28261499940405,2.00555932501865,-4.37836154073035,2.64082098422086e-05,0.000702602281230748,1.22479861310198
